{
    "absoluteImportance": {
        "p15_y": 0.2949444662383366,
        "p2_z": 0.19743892163773502,
        "p16_y": 0.052666129752734464,
        "p15_z": 0.22419373959985422,
        "p6_y": 0.0,
        "p17_z": 0.0,
        "p16_z": 0.0,
        "p13_z": 0.0,
        "p14_y": 0.0,
        "p7_z": 0.0,
        "p10_y": 0.017538426736560784,
        "p14_x": 0.2088505764153625,
        "p8_x": 0.08579439952965212,
        "p14_z": 0.10045905014826584,
        "p19_x": 0.044577375673502,
        "p6_z": 0.0,
        "total_path_length": 0.13733404963251372,
        "avg_step_length": 0.0024441392033093135,
        "p3_y": 0.0,
        "p2_y": 0.0
    }
}