{
    "startedAt": 1768045923187,
    "gridSize": 24,
    "nThreads": 4,
    "nSplits": 5,
    "metric": "ROC_AUC",
    "timeout": null,
    "gridPoints": [
        {
            "finishedAt": 1768045923481,
            "score": 1.0,
            "testScoreGibMean": 1.0,
            "testScoreMean": 1.0,
            "testScoreStd": 0.0,
            "trainScoreMean": 1.0,
            "trainScoreStd": 0.0,
            "time": 521,
            "fitTimeMean": 28.4,
            "fitTimeStd": 21.63885394377438,
            "scoreTimeMean": 75.8,
            "scoreTimeStd": 35.78491302211031,
            "parameters": {
                "C": 0.11171171008778126,
                "penalty": "l1"
            }
        },
        {
            "finishedAt": 1768045923706,
            "score": 0.9953679078014184,
            "testScoreGibMean": 0.9953679078014184,
            "testScoreMean": 0.9953679078014184,
            "testScoreStd": 0.005662015842479007,
            "trainScoreMean": 0.9992820958726235,
            "trainScoreStd": 0.0008290888713208895,
            "time": 738,
            "fitTimeMean": 20.6,
            "fitTimeStd": 20.558210038814178,
            "scoreTimeMean": 127.0,
            "scoreTimeStd": 51.20937414185024,
            "parameters": {
                "C": 0.043125673305632044,
                "penalty": "l1"
            }
        },
        {
            "finishedAt": 1768045923986,
            "score": 1.0,
            "testScoreGibMean": 1.0,
            "testScoreMean": 1.0,
            "testScoreStd": 0.0,
            "trainScoreMean": 1.0,
            "trainScoreStd": 0.0,
            "time": 962,
            "fitTimeMean": 26.4,
            "fitTimeStd": 15.91979899370592,
            "scoreTimeMean": 166.0,
            "scoreTimeStd": 37.078295537955896,
            "parameters": {
                "C": 0.1295704830857301,
                "penalty": "l1"
            }
        },
        {
            "finishedAt": 1768045924265,
            "score": 1.0,
            "testScoreGibMean": 1.0,
            "testScoreMean": 1.0,
            "testScoreStd": 0.0,
            "trainScoreMean": 1.0,
            "trainScoreStd": 0.0,
            "time": 1009,
            "fitTimeMean": 28.4,
            "fitTimeStd": 20.76150283577757,
            "scoreTimeMean": 173.4,
            "scoreTimeStd": 44.4684157577038,
            "parameters": {
                "C": 0.6874918416894574,
                "penalty": "l1"
            }
        },
        {
            "finishedAt": 1768045924477,
            "score": 1.0,
            "testScoreGibMean": 1.0,
            "testScoreMean": 1.0,
            "testScoreStd": 0.0,
            "trainScoreMean": 1.0,
            "trainScoreStd": 0.0,
            "time": 704,
            "fitTimeMean": 13.2,
            "fitTimeStd": 4.069397989875161,
            "scoreTimeMean": 127.6,
            "scoreTimeStd": 48.70975261690415,
            "parameters": {
                "C": 0.19231013028052335,
                "penalty": "l1"
            }
        },
        {
            "finishedAt": 1768045924696,
            "score": 1.0,
            "testScoreGibMean": 1.0,
            "testScoreMean": 1.0,
            "testScoreStd": 0.0,
            "trainScoreMean": 1.0,
            "trainScoreStd": 0.0,
            "time": 650,
            "fitTimeMean": 22.0,
            "fitTimeStd": 6.324555320336759,
            "scoreTimeMean": 108.0,
            "scoreTimeStd": 65.58963332722634,
            "parameters": {
                "C": 1.1845987837046188,
                "penalty": "l1"
            }
        },
        {
            "finishedAt": 1768045924948,
            "score": 1.0,
            "testScoreGibMean": 1.0,
            "testScoreMean": 1.0,
            "testScoreStd": 0.0,
            "trainScoreMean": 1.0,
            "trainScoreStd": 0.0,
            "time": 841,
            "fitTimeMean": 33.4,
            "fitTimeStd": 26.58270114190806,
            "scoreTimeMean": 134.8,
            "scoreTimeStd": 43.27308632394967,
            "parameters": {
                "C": 0.1116276295011259,
                "penalty": "l1"
            }
        },
        {
            "finishedAt": 1768045925189,
            "score": 1.0,
            "testScoreGibMean": 1.0,
            "testScoreMean": 1.0,
            "testScoreStd": 0.0,
            "trainScoreMean": 1.0,
            "trainScoreStd": 0.0,
            "time": 824,
            "fitTimeMean": 25.8,
            "fitTimeStd": 16.65412861725284,
            "scoreTimeMean": 139.0,
            "scoreTimeStd": 31.578473680657844,
            "parameters": {
                "C": 80.23080310991759,
                "penalty": "l1"
            }
        },
        {
            "finishedAt": 1768045925489,
            "score": 1.0,
            "testScoreGibMean": 1.0,
            "testScoreMean": 1.0,
            "testScoreStd": 0.0,
            "trainScoreMean": 1.0,
            "trainScoreStd": 0.0,
            "time": 1075,
            "fitTimeMean": 40.8,
            "fitTimeStd": 26.91022110648666,
            "scoreTimeMean": 174.2,
            "scoreTimeStd": 56.22241545860512,
            "parameters": {
                "C": 8.536074774230196,
                "penalty": "l1"
            }
        },
        {
            "finishedAt": 1768045925688,
            "score": 0.5,
            "testScoreGibMean": 0.5,
            "testScoreMean": 0.5,
            "testScoreStd": 0.0,
            "trainScoreMean": 0.5,
            "trainScoreStd": 0.0,
            "time": 684,
            "fitTimeMean": 34.0,
            "fitTimeStd": 11.661903789690601,
            "scoreTimeMean": 102.8,
            "scoreTimeStd": 35.91879730725961,
            "parameters": {
                "C": 0.028913249690739676,
                "penalty": "l1"
            }
        },
        {
            "finishedAt": 1768045925979,
            "score": 1.0,
            "testScoreGibMean": 1.0,
            "testScoreMean": 1.0,
            "testScoreStd": 0.0,
            "trainScoreMean": 1.0,
            "trainScoreStd": 0.0,
            "time": 755,
            "fitTimeMean": 27.6,
            "fitTimeStd": 8.777243302996677,
            "scoreTimeMean": 123.4,
            "scoreTimeStd": 13.215142829345432,
            "parameters": {
                "C": 0.3508328686326242,
                "penalty": "l1"
            }
        },
        {
            "finishedAt": 1768045926209,
            "score": 1.0,
            "testScoreGibMean": 1.0,
            "testScoreMean": 1.0,
            "testScoreStd": 0.0,
            "trainScoreMean": 1.0,
            "trainScoreStd": 0.0,
            "time": 589,
            "fitTimeMean": 15.0,
            "fitTimeStd": 9.011104260855047,
            "scoreTimeMean": 102.8,
            "scoreTimeStd": 40.92138805074921,
            "parameters": {
                "C": 3.2659138022948135,
                "penalty": "l1"
            }
        },
        {
            "finishedAt": 1768045926385,
            "score": 0.55951536643026,
            "testScoreGibMean": 0.55951536643026,
            "testScoreMean": 0.55951536643026,
            "testScoreStd": 0.11824504286919316,
            "trainScoreMean": 0.5670024010121292,
            "trainScoreStd": 0.1331202722124191,
            "time": 765,
            "fitTimeMean": 21.0,
            "fitTimeStd": 8.07465169527454,
            "scoreTimeMean": 132.0,
            "scoreTimeStd": 10.526157893552615,
            "parameters": {
                "C": 0.03163965252696638,
                "penalty": "l1"
            }
        },
        {
            "finishedAt": 1768045926616,
            "score": 1.0,
            "testScoreGibMean": 1.0,
            "testScoreMean": 1.0,
            "testScoreStd": 0.0,
            "trainScoreMean": 1.0,
            "trainScoreStd": 0.0,
            "time": 910,
            "fitTimeMean": 20.8,