{
    "predictedClassCount": {
        "m": 8,
        "w": 8,
        "o": 6
    },
    "probabilityDensities": {
        "w": {
            "density": [
                1.065883696654048,
                1.1114499144545265,
                1.1552431951781448,
                1.196908905027291,
                1.2361004408223026,
                1.2724841363499537,
                1.305744138880858,
                1.335587160943641,
                1.361747012365833,
                1.3839888199537371,
                1.4021128469801687,
                1.4159578317949304,
                1.425403774204964,
                1.430374109552733,
                1.4308372233489408,
                1.4268072735290256,
                1.4183443024974665,
                1.4055536366645818,
                1.3885845867171538,
                1.3676284769476938,
                1.3429160461654286,
                1.3147142756253425,
                1.2833227106864487,
                1.2490693522522136,
                1.2123062012279626,
                1.173404544101052,
                1.132750070237386,
                1.0907379116004823,
                1.0477676934224383,
                1.0042386800478396,
                0.960545093954559,
                0.91707167810635,
                0.874189562630262,
                0.8322524866852803,
                0.7915934156604001,
                0.7525215828747225,
                0.7153199741009397,
                0.6802432628237325,
                0.6475161944672205,
                0.6173324091272662,
                0.589853684819838,
                0.5652095770446723,
                0.5434974256447905,
                0.524782696540055,
                0.5090996238948536,
                0.49645211756372193,
                0.4868149011179669,
                0.48013484722873645,
                0.4763324794778062,
                0.47530361257936604,
                0.4769211063087216,
                0.4810367119330203,
                0.48748299342088913,
                0.4960753089865812,
                0.5066138414390062,
                0.5188856682266326,
                0.53266686389954,
                0.5477246288904992,
                0.5638194390256385,
                0.5807072100262439,
                0.5981414705048241,
                0.6158755356693905,
                0.6336646722343177,
                0.6512682430185809,
                0.6684518175308027,
                0.684989232641014,
                0.7006645853673891,
                0.7152741380029489,
                0.7286281144008336,
                0.7405523653386533,
                0.7508898805824099,
                0.759502125632977,
                0.7662701822002842,
                0.7710956732200503,
                0.773901455684593,
                0.7746320676541097,
                0.7732539194737341,
                0.7697552233477856,
                0.7641456599005023,
                0.756455785052878,
                0.7467361853294451,
                0.7350563944349512,
                0.7215035884680824,
                0.7061810813337704,
                0.6892066456544123,
                0.6707106876563698,
                0.6508343070331474,
                0.6297272745941225,
                0.607545961554419,
                0.5844512545887527,
                0.5606064902652307,
                0.5361754412230859,
                0.5113203845116691,
                0.48620027993648895,
                0.46096908314768337,
                0.4357742146558235,
                0.4107552020771813,
                0.38604250880853713,
                0.36175655812448687,
                0.33800695748987963
            ],
            "median": 0.17904073258523784
        },
        "m": {
            "density": [
                0.954203834601609,
                1.0049745660021503,
                1.0548602903587108,
                1.1034782347645897,
                1.1504414013112791,
                1.1953636664104033,
                1.2378650841486818,
                1.2775772984391052,
                1.314148963202529,
                1.347251066702948,
                1.3765820556125015,
                1.40187265646618,
                1.4228902968655681,
                1.4394430360069252,
                1.4513829236611644,
                1.458608718365891,
                1.4610679089785923,
                1.4587579985048043,
                1.4517270248309913,
                1.4400733092050961,
                1.4239444395517677,
                1.4035355115200627,
                1.3790866650956566,
                1.3508799682585133,
                1.3192357111722037,
                1.2845081844563067,
                1.2470810229945248,
                1.2073622023237551,
                1.1657787778723534,
                1.1227714581921346,
                1.0787891019627955,
                1.0342832251191267,
                0.9897025992066233,
                0.9454880153103106,
                0.9020672799654974,
                0.8598505007133064,
                0.8192257097817529,
                0.7805548651199478,
                0.74417025902896,
                0.7103713562185995,
                0.6794220755233329,
                0.6515485229184669,
                0.6269371780062765,
                0.6057335318346008,
                0.5880411707390915,
                0.5739212987679045,
                0.5633926899969023,
                0.5564320614672614,
                0.5529748573328204,
                0.5529164348277268,
                0.5561136425885738,
                0.5623867814347454,
                0.5715219367012342,
                0.583273669449101,
                0.5973680512260863,
                0.6135060234559707,
                0.6313670580141629,
                0.6506130901864947,
                0.6708926891673092,
                0.6918454247551673,
                0.7131063822280853,
                0.7343107708437481,
                0.7550985653570568,
                0.7751191147276657,
                0.794035648141484,
                0.8115296058998993,
                0.8273047218976852,
                0.841090785511364,
                0.8526470138748697,
                0.861764970765435,
                0.8682709756082378,
                0.8720279552933033,
                0.8729367023584751,
                0.8709365153277676,
                0.8660052102418403,
                0.8581585062644708,
                0.8474488022532771,
                0.8339633748895455,
                0.817822041923675,
                0.7991743458882063,
                0.7781963238821016,
                0.7550869374191868,
                0.7300642426125511,
                0.7033613849673521,
                0.6752225046937406,
                0.64589863773251,
                0.6156436946950543,
                0.5847105948201169,
                0.5533476250747683,
                0.5217950859644926,
                0.490282275798727,
                0.45902485444316826,
                0.42822261635129516,
                0.3980576912754133,
                0.3686931798670412,
                0.3402722207141276,
                0.31291747551626925,
                0.28673101030970427,
                0.2617945431096775,
                0.2381700221713775
            ],
            "median": 0.22769467751170924
        },