{
  "label": "a",
  "data": [
    {
      "x": -0.1,
      "z": -0.7000000000000001,
      "y": 0,
      "msElapsedSinceStart": 6
    },
    {
      "x": -0.30000000000000004,
      "z": 0.2,
      "y": 0,
      "msElapsedSinceStart": 40
    },
    {
      "x": -0.1,
      "z": 0.30000000000000004,
      "y": 0,
      "msElapsedSinceStart": 56
    },
    {
      "x": -0.2,
      "z": 0.2,
      "y": 0,
      "msElapsedSinceStart": 73
    }
  ]
}