{
  "label": "b",
  "data": [
    {
      "x": 0.1,
      "z": -2.1,
      "y": 0,
      "msElapsedSinceStart": 9
    },
    {
      "x": 0.4,
      "z": -0.2,
      "y": 0,
      "msElapsedSinceStart": 26
    },
    {
      "x": 0.30000000000000004,
      "z": 1.4000000000000001,
      "y": 0,
      "msElapsedSinceStart": 42
    }
  ]
}